{
    "D8:F1:5B:13:E7:67": [0.693, 0.2388],
    "10:06:1C:41:D2:04": [0.5094, 0.67785],
    "EC:94:CB:49:A3:B8": [0.68355, 0.4491]
}